Gene,Importance
ENSG00000182093,0.006133598
ENSG00000111639,0.005992722
ENSG00000112246,0.005854763
ENSG00000133962,0.004990097
ENSG00000206535,0.00469526
ENSG00000248712,0.00458437
ENSG00000137726,0.004581253
ENSG00000133216,0.004191129
ENSG00000134480,0.003877695
ENSG00000048342,0.003789876
ENSG00000176974,0.003764158
ENSG00000185924,0.003752484
ENSG00000168685,0.003665443
ENSG00000269845,0.003629279
ENSG00000008056,0.003626144
ENSG00000141837,0.003485698
ENSG00000187164,0.00342876
ENSG00000152990,0.003324842
ENSG00000143257,0.003320279
ENSG00000158109,0.003319186
ENSG00000196950,0.003283706
ENSG00000079257,0.003194808
ENSG00000244588,0.003061108
ENSG00000196616,0.0030223
ENSG00000166582,0.003000247
ENSG00000160221,0.002988673
ENSG00000179163,0.002950624
ENSG00000183486,0.002936269
ENSG00000174469,0.002918359
ENSG00000108984,0.002900834
ENSG00000168653,0.002893339
ENSG00000136011,0.002874988
ENSG00000164199,0.002830007
ENSG00000133488,0.002816337
ENSG00000155189,0.002801721
ENSG00000186417,0.002801146
ENSG00000147614,0.002773419
ENSG00000156384,0.002749222
ENSG00000198785,0.00270058
ENSG00000133393,0.002695558
ENSG00000189045,0.002694672
ENSG00000198650,0.00268172
ENSG00000172159,0.002666321
ENSG00000109775,0.002623044
ENSG00000117984,0.002620631
ENSG00000128815,0.002620439
ENSG00000206450,0.002597295
ENSG00000187231,0.002587326
ENSG00000179477,0.002579076
ENSG00000148950,0.002564319
ENSG00000118004,0.002558214
ENSG00000144452,0.002557596
ENSG00000145087,0.002556301
ENSG00000167566,0.002523942
ENSG00000171097,0.002512646
ENSG00000130270,0.002502938
ENSG00000171960,0.002479791
ENSG00000181444,0.002473384
ENSG00000149633,0.002467389
ENSG00000175040,0.002442324
ENSG00000064225,0.002438476
ENSG00000026652,0.002404407
ENSG00000164744,0.00239827
ENSG00000163536,0.002375183
ENSG00000074803,0.002362889
ENSG00000164794,0.002333672
ENSG00000125462,0.002329453
ENSG00000243279,0.002327951
ENSG00000179104,0.002323334
ENSG00000109686,0.002313623
ENSG00000145888,0.002289992
ENSG00000221866,0.002289024
ENSG00000188883,0.002287137
ENSG00000057704,0.002285035
ENSG00000020922,0.002275201
ENSG00000130203,0.002264849
ENSG00000163659,0.00226314
ENSG00000106366,0.002255715
ENSG00000021300,0.002244633
ENSG00000102048,0.002229468
ENSG00000116147,0.002225127
ENSG00000184911,0.002224591
ENSG00000176014,0.002211676
ENSG00000105205,0.002196555
ENSG00000156504,0.002175681
ENSG00000224608,0.002175099
ENSG00000166750,0.00216567
ENSG00000151834,0.002149397
ENSG00000235176,0.002143421
ENSG00000183307,0.002120354
ENSG00000062370,0.002114014
ENSG00000197249,0.002108823
ENSG00000160145,0.002106203
ENSG00000136379,0.002096612
ENSG00000188282,0.002095371
ENSG00000151458,0.00208195
ENSG00000173890,0.002070422
ENSG00000105767,0.002058727
ENSG00000039123,0.002054287
ENSG00000144451,0.002054049
ENSG00000113318,0.002030371
ENSG00000131482,0.002028388
ENSG00000130035,0.002020509
ENSG00000137880,0.00200448
ENSG00000112992,0.00200138
ENSG00000196636,0.001986607
ENSG00000110665,0.0019846
ENSG00000185269,0.001980941
ENSG00000134245,0.001978529
ENSG00000174807,0.001976271
ENSG00000188229,0.001972868
ENSG00000121957,0.001972738
ENSG00000140465,0.001951149
ENSG00000147255,0.001948268
ENSG00000122121,0.001943753
ENSG00000065518,0.001943685
ENSG00000232126,0.001942271
ENSG00000156219,0.001938481
ENSG00000075336,0.00193157
ENSG00000124721,0.001922996
ENSG00000148408,0.001922576
ENSG00000180098,0.001911515
ENSG00000142583,0.001905355
ENSG00000064763,0.001903009
ENSG00000072182,0.001901713
ENSG00000164181,0.001901102
ENSG00000183690,0.001893979
ENSG00000133985,0.001886725
ENSG00000115956,0.001884443
ENSG00000124491,0.001884435
ENSG00000107020,0.00188217
ENSG00000184156,0.001882156
ENSG00000103707,0.001872568
ENSG00000144868,0.001869071
ENSG00000206493,0.001864144
ENSG00000043039,0.001853245
ENSG00000149451,0.001852193
ENSG00000119938,0.001838854
ENSG00000120963,0.001826054
ENSG00000120868,0.001812873
ENSG00000162843,0.001806765
ENSG00000101040,0.001805757
ENSG00000132464,0.001801355
ENSG00000265763,0.001799296
ENSG00000205592,0.001792393
ENSG00000138769,0.001767801
ENSG00000203780,0.0017613
ENSG00000135047,0.001737238
ENSG00000197261,0.001736591
ENSG00000183747,0.001736093
ENSG00000113328,0.001735475
ENSG00000163110,0.001735269
ENSG00000147231,0.00173295
ENSG00000187630,0.001724405
ENSG00000069248,0.001698492
ENSG00000184507,0.001688805
ENSG00000162694,0.001680041
ENSG00000127362,0.001677552
ENSG00000138944,0.001656175
ENSG00000229252,0.001654028
ENSG00000112651,0.001645819
ENSG00000162688,0.001636615
ENSG00000198670,0.001633049
ENSG00000163357,0.001625176
ENSG00000116661,0.001619343
ENSG00000172572,0.001616289
ENSG00000105088,0.001615606
ENSG00000172123,0.001614972
ENSG00000151500,0.001614133
ENSG00000163810,0.001603767
ENSG00000102468,0.001599878
ENSG00000175711,0.001577714
ENSG00000159199,0.001572665
ENSG00000136937,0.001568072
ENSG00000137642,0.001565831
ENSG00000129993,0.001560869
ENSG00000133983,0.001553414
ENSG00000176731,0.001552442
ENSG00000198088,0.001530504
ENSG00000171729,0.001523111
ENSG00000105185,0.001521558
ENSG00000205307,0.001503962
ENSG00000241386,0.001503847
ENSG00000182580,0.001500764
ENSG00000170382,0.001495365
ENSG00000070759,0.001489614
ENSG00000166592,0.001483956
ENSG00000168243,0.0014832
ENSG00000175497,0.001480057
ENSG00000168268,0.00147607
ENSG00000230254,0.001474385
ENSG00000140395,0.001469073
ENSG00000175575,0.001468447
ENSG00000261649,0.00146564
ENSG00000182993,0.001461172
ENSG00000108641,0.001457557
ENSG00000171617,0.00145742
ENSG00000110693,0.001456415
ENSG00000233904,0.001454235
ENSG00000099785,0.001442962
ENSG00000127318,0.001441795
ENSG00000255974,0.001430399
ENSG00000116690,0.001425955
ENSG00000170537,0.001425185
ENSG00000149403,0.001419445
ENSG00000154518,0.001415633
ENSG00000141376,0.001413044
ENSG00000139626,0.001396851
ENSG00000124615,0.001394667
ENSG00000053371,0.001392372
ENSG00000143344,0.001385315
ENSG00000153531,0.001384201
ENSG00000136542,0.001383834
ENSG00000189050,0.0013829
ENSG00000197183,0.001381151
ENSG00000107819,0.001376378
ENSG00000198523,0.001373719
ENSG00000178217,0.001362987
ENSG00000187391,0.001362423
ENSG00000127472,0.001361897
ENSG00000141401,0.001360453
ENSG00000157500,0.001357839
ENSG00000130731,0.001356082
ENSG00000198553,0.001346181
ENSG00000139354,0.001338136
ENSG00000225614,0.001337119
ENSG00000128250,0.00133088
ENSG00000091428,0.001328609
ENSG00000185013,0.001326094
ENSG00000147642,0.001325898
ENSG00000180777,0.001315434
ENSG00000155886,0.001314526
ENSG00000197696,0.001309427
ENSG00000107104,0.001308939
ENSG00000182162,0.001307796
ENSG00000196262,0.001305167
ENSG00000125743,0.001304277
ENSG00000166171,0.001299148
ENSG00000114480,0.0012981
ENSG00000181626,0.001294365
ENSG00000104953,0.001284406
ENSG00000154146,0.001279461
ENSG00000119899,0.001273528
ENSG00000110876,0.001267508
ENSG00000152503,0.001266639
ENSG00000185973,0.001266599
ENSG00000141560,0.001263108
ENSG00000164330,0.001259845
ENSG00000214226,0.001257402
ENSG00000071282,0.001247166
ENSG00000013583,0.001239059
ENSG00000187398,0.001229733
ENSG00000157570,0.001229439
ENSG00000181143,0.001228251
ENSG00000010292,0.001220369
ENSG00000165246,0.001216132
ENSG00000240583,0.00121326
ENSG00000129450,0.001209175
ENSG00000169758,0.001207617
ENSG00000132975,0.001205581
ENSG00000154114,0.001199817
ENSG00000262145,0.001198188
ENSG00000126759,0.001194059
ENSG00000221821,0.001190185
ENSG00000061656,0.001186486
ENSG00000225691,0.001184168
ENSG00000183423,0.001182393
ENSG00000133027,0.001181369
ENSG00000115112,0.001180512
ENSG00000145198,0.001180261
ENSG00000214193,0.001171227
ENSG00000072657,0.001171072
ENSG00000121933,0.001166031
ENSG00000122971,0.001160749
ENSG00000081059,0.001155203
ENSG00000233795,0.001154936
ENSG00000157315,0.001154436
ENSG00000105141,0.001153823
ENSG00000228964,0.001153235
ENSG00000120594,0.001147453
ENSG00000213402,0.00114684
ENSG00000066379,0.001142911
ENSG00000178386,0.001142306
ENSG00000225201,0.001139993
ENSG00000140090,0.00113859
ENSG00000197256,0.001137596
ENSG00000163638,0.001135893
ENSG00000179314,0.001135239
ENSG00000090376,0.001132528
ENSG00000103343,0.001131201
ENSG00000185565,0.001130315
ENSG00000008256,0.001128165
ENSG00000143297,0.001123777
ENSG00000232119,0.001122611
ENSG00000167332,0.001122578
ENSG00000188549,0.001120595
ENSG00000206435,0.001114374
ENSG00000187601,0.001113786
ENSG00000115896,0.001112433
ENSG00000169083,0.001112304
ENSG00000174837,0.001108666
ENSG00000173947,0.001108237
ENSG00000239329,0.001107225
ENSG00000123066,0.001106791
ENSG00000111305,0.001103041
ENSG00000135390,0.001101874
ENSG00000227801,0.001101169
ENSG00000243189,0.001100984
ENSG00000064999,0.001099738
ENSG00000166822,0.001095528
ENSG00000105379,0.001093971
ENSG00000206452,0.001083521
ENSG00000171124,0.001083235
ENSG00000163053,0.001083177
ENSG00000242574,0.00108087
ENSG00000173163,0.001079029
ENSG00000171903,0.001078094
ENSG00000186367,0.001077365
ENSG00000101298,0.001074982
ENSG00000103932,0.001073964
ENSG00000143429,0.001071715
ENSG00000183765,0.001071439
ENSG00000155052,0.001070659
ENSG00000156218,0.001069786
ENSG00000154678,0.001063807
ENSG00000166896,0.001063409
ENSG00000250305,0.001060813
ENSG00000137968,0.001060803
ENSG00000170579,0.001058167
ENSG00000236808,0.001054163
ENSG00000205922,0.001047492
ENSG00000133302,0.001047185
ENSG00000241837,0.001046751
ENSG00000144827,0.00104502
ENSG00000149922,0.001043998
ENSG00000180316,0.001041209
ENSG00000144460,0.001040203
ENSG00000102678,0.001034724
ENSG00000188295,0.001031855
ENSG00000168675,0.001030954
ENSG00000165566,0.001030509
ENSG00000134575,0.001028079
ENSG00000198937,0.001023002
ENSG00000244482,0.001022722
ENSG00000168329,0.00102008
ENSG00000174611,0.00101944
ENSG00000001629,0.001018737
ENSG00000157766,0.001014879
ENSG00000073146,0.001013629
ENSG00000106078,0.001013548
ENSG00000130414,0.001012936
ENSG00000122068,0.001012588
ENSG00000166317,0.00101102
ENSG00000236609,0.001010491
ENSG00000103507,0.00100891
ENSG00000196663,0.001007801
ENSG00000158869,0.00100545
ENSG00000144320,0.001003269
ENSG00000105135,0.001001186
ENSG00000158321,0.000997229
ENSG00000214711,0.000993874
ENSG00000157214,0.000993425
ENSG00000165983,0.000992645
ENSG00000081052,0.00099117
ENSG00000124151,0.000987211
ENSG00000142552,0.00098592
ENSG00000101342,0.000979679
ENSG00000165973,0.000978392
ENSG00000133121,0.000976849
ENSG00000123091,0.000973403
ENSG00000176095,0.000971193
ENSG00000213760,0.000971185
ENSG00000162069,0.000967923
ENSG00000001497,0.000967869
ENSG00000137449,0.000965144
ENSG00000112378,0.000961386
ENSG00000188186,0.00096104
ENSG00000086475,0.000960875
ENSG00000148834,0.000957256
ENSG00000102804,0.00095724
ENSG00000106302,0.000950463
ENSG00000075290,0.000950033
ENSG00000144406,0.000949673
ENSG00000204592,0.000942082
ENSG00000104081,0.000941525
ENSG00000127528,0.000940928
ENSG00000106809,0.000936893
ENSG00000171103,0.000934766
ENSG00000099822,0.000932389
ENSG00000102038,0.000930975
ENSG00000139428,0.000928323
ENSG00000170542,0.000928129
ENSG00000212916,0.000922959
ENSG00000185008,0.000921842
ENSG00000176584,0.000920254
ENSG00000167740,0.000919694
ENSG00000152936,0.000918122
ENSG00000135956,0.000918056
ENSG00000124532,0.000917466
ENSG00000083807,0.00091745
ENSG00000197859,0.000916181
ENSG00000015592,0.000913479
ENSG00000205129,0.000913327
ENSG00000116871,0.000912068
ENSG00000075239,0.00091113
ENSG00000205309,0.000907298
ENSG00000136235,0.000907138
ENSG00000018625,0.000904884
ENSG00000188738,0.000903118
ENSG00000086619,0.000901834
ENSG00000128594,0.000900291
ENSG00000185043,0.000892292
ENSG00000197461,0.000892202
ENSG00000151413,0.000891861
ENSG00000136122,0.000891313
ENSG00000151092,0.000890582
ENSG00000145439,0.000888481
ENSG00000014641,0.000887347
ENSG00000122729,0.000887023
ENSG00000197653,0.000885987
ENSG00000116833,0.000884215
ENSG00000149260,0.000883024
ENSG00000188001,0.000881867
ENSG00000138829,0.000880696
ENSG00000167799,0.000880138
ENSG00000135436,0.000876106
ENSG00000113249,0.00087399
ENSG00000176225,0.000872235
ENSG00000244462,0.000869633
ENSG00000133805,0.000868923
ENSG00000114251,0.000862369
ENSG00000242092,0.000862278
ENSG00000273079,0.000859667
ENSG00000072135,0.000858948
ENSG00000170381,0.000858392
ENSG00000166710,0.000856912
ENSG00000065154,0.000855912
ENSG00000170545,0.000855824
ENSG00000237022,0.000855662
ENSG00000154764,0.000855356
ENSG00000132906,0.000851116
ENSG00000033122,0.000850455
ENSG00000162139,0.000849486
ENSG00000128573,0.000846061
ENSG00000147234,0.000842062
ENSG00000154997,0.000838944
ENSG00000163564,0.000837485
ENSG00000092036,0.000833902
ENSG00000166289,0.000832902
ENSG00000125166,0.000831836
ENSG00000149131,0.000829739
ENSG00000102908,0.000828449
ENSG00000117262,0.000824372
ENSG00000133083,0.00082344
ENSG00000127948,0.000822683
ENSG00000243719,0.000821801
ENSG00000129235,0.000814588
ENSG00000066697,0.000813765
ENSG00000178035,0.000813657
ENSG00000069431,0.000810622
ENSG00000131115,0.000806721
ENSG00000138777,0.000803089
ENSG00000148737,0.00080265
ENSG00000116525,0.000801524
ENSG00000183117,0.000800373
ENSG00000102904,0.00080037
ENSG00000070808,0.000796973
ENSG00000167614,0.000794129
ENSG00000163430,0.000793797
ENSG00000010219,0.00079241
ENSG00000163075,0.000789495
ENSG00000129116,0.000788316
ENSG00000188215,0.000787864
ENSG00000099958,0.000787629
ENSG00000170356,0.000786047
ENSG00000105819,0.000785717
ENSG00000162733,0.000785711
ENSG00000049192,0.000784117
ENSG00000012124,0.000782901
ENSG00000115875,0.000782533
ENSG00000183207,0.000781865
ENSG00000173805,0.000780803
ENSG00000114439,0.000779861
ENSG00000145536,0.000778941
ENSG00000077044,0.000777259
ENSG00000140497,0.00077467
ENSG00000138311,0.000770206
ENSG00000092330,0.000766813
ENSG00000071991,0.000766024
ENSG00000130332,0.000763727
ENSG00000145777,0.00076359
ENSG00000110171,0.000762761
ENSG00000169919,0.000762083
ENSG00000198099,0.000761421
ENSG00000038945,0.000761029
ENSG00000118156,0.000759655
ENSG00000164978,0.000758786
ENSG00000113504,0.000754273
ENSG00000113790,0.000753643
ENSG00000171786,0.000753315
ENSG00000122188,0.000752962
ENSG00000180592,0.000747557
ENSG00000164946,0.000744649
ENSG00000172995,0.000744411
ENSG00000198646,0.000743927
ENSG00000162571,0.000743449
ENSG00000175311,0.000735765
ENSG00000113269,0.000734051
ENSG00000239463,0.000733897
ENSG00000160570,0.000732723
ENSG00000121940,0.000731598
ENSG00000085276,0.000730047
ENSG00000168314,0.000729257
ENSG00000241935,0.000727272
ENSG00000156411,0.000726842
ENSG00000131386,0.000726602
ENSG00000245888,0.000725837
ENSG00000102290,0.000725312
ENSG00000240857,0.000725311
ENSG00000166828,0.000724206
ENSG00000241296,0.000722787
ENSG00000148584,0.000722031
ENSG00000203995,0.00072086
ENSG00000187889,0.000719653
ENSG00000095380,0.000715706
ENSG00000171148,0.000715295
ENSG00000109390,0.000715164
ENSG00000169439,0.000714074
ENSG00000196562,0.000713198
ENSG00000260873,0.000712978
ENSG00000164032,0.000712836
ENSG00000243215,0.000711129
ENSG00000148290,0.000710009
ENSG00000236632,0.000709774
ENSG00000145604,0.000707757
ENSG00000009413,0.000706968
ENSG00000089250,0.000706871
ENSG00000163577,0.000705294
ENSG00000100994,0.000704728
ENSG00000241058,0.000703383
ENSG00000135709,0.000697777
ENSG00000221947,0.000696603
ENSG00000214128,0.000696181
ENSG00000241697,0.000696009
ENSG00000170989,0.000694675
ENSG00000158955,0.000691805
ENSG00000174498,0.000689859
ENSG00000154917,0.000689488
ENSG00000087008,0.00068773
ENSG00000091136,0.000685337
ENSG00000214944,0.000684072
ENSG00000198796,0.000684017
ENSG00000242361,0.000678731
ENSG00000104129,0.000673522
ENSG00000178913,0.000672721
ENSG00000176463,0.000672654
ENSG00000050030,0.000671046
ENSG00000116761,0.000668777
ENSG00000181215,0.000668662
ENSG00000172366,0.000668528
ENSG00000180938,0.000668473
ENSG00000242685,0.000665056
ENSG00000139890,0.000663631
ENSG00000145414,0.000658337
ENSG00000006607,0.000655664
ENSG00000077380,0.000654984
ENSG00000131634,0.000654739
ENSG00000106804,0.000654439
ENSG00000100600,0.000654178
ENSG00000148848,0.000650218
ENSG00000241468,0.000648985
ENSG00000158402,0.000646129
ENSG00000106333,0.000645201
ENSG00000136267,0.00064512
ENSG00000135317,0.000644311
ENSG00000006756,0.000643448
ENSG00000184508,0.000643201
ENSG00000071909,0.000641788
ENSG00000181885,0.000640872
ENSG00000144481,0.000639509
ENSG00000121671,0.000638228
ENSG00000146729,0.000637907
ENSG00000148483,0.000637546
ENSG00000150275,0.000635015
ENSG00000185567,0.000634945
ENSG00000148735,0.000632864
ENSG00000130649,0.000630871
ENSG00000118492,0.000626893
ENSG00000101138,0.000626015
ENSG00000198382,0.000625897
ENSG00000241674,0.000625514
ENSG00000265972,0.000622789
ENSG00000171115,0.000622705
ENSG00000138271,0.000622227
ENSG00000196544,0.000622009
ENSG00000166455,0.000620599
ENSG00000164100,0.00062044
ENSG00000131095,0.000619883
ENSG00000163913,0.000617891
ENSG00000064692,0.000617677
ENSG00000075391,0.000616326
ENSG00000132002,0.00061612
ENSG00000101447,0.000615872
ENSG00000157184,0.000615638
ENSG00000235754,0.000615623
ENSG00000018408,0.000615234
ENSG00000158859,0.000614771
ENSG00000119777,0.000614644
ENSG00000062598,0.000612388
ENSG00000092421,0.000611855
ENSG00000143862,0.000611793
ENSG00000111319,0.000611471
ENSG00000005513,0.000609637
ENSG00000079841,0.000608608
ENSG00000232541,0.000606474
ENSG00000237515,0.000604088
ENSG00000068831,0.000603693
ENSG00000146038,0.000603414
ENSG00000157423,0.000602966
ENSG00000241106,0.000602844
ENSG00000138029,0.000602312
ENSG00000163513,0.000602263
ENSG00000241644,0.000601629
ENSG00000024422,0.000601154
ENSG00000094755,0.00060004
ENSG00000139865,0.000598989
ENSG00000166326,0.000597221
ENSG00000149256,0.000596078
ENSG00000100353,0.000593486
ENSG00000183067,0.000591047
ENSG00000269190,0.000590919
ENSG00000169247,0.000589591
ENSG00000173597,0.000589372
ENSG00000143341,0.000589224
ENSG00000134627,0.000588443
ENSG00000150636,0.000585905
ENSG00000105278,0.000585722
ENSG00000168421,0.000584507
ENSG00000188130,0.000580482
ENSG00000182150,0.000577998
ENSG00000196704,0.000577106
ENSG00000116903,0.000575557
ENSG00000134339,0.000574168
ENSG00000047188,0.000574086
ENSG00000160867,0.000571657
ENSG00000203747,0.000571433
ENSG00000039139,0.00057076
ENSG00000081870,0.000570417
ENSG00000110514,0.000569302
ENSG00000140950,0.000568871
ENSG00000175970,0.000568607
ENSG00000197580,0.000567199
ENSG00000197702,0.000564636
ENSG00000119888,0.000562915
ENSG00000154473,0.000562691
ENSG00000116819,0.000562612
ENSG00000165084,0.000560963
ENSG00000047634,0.00056061
ENSG00000074706,0.000560424
ENSG00000184060,0.000559863
ENSG00000166579,0.000558781
ENSG00000104814,0.00055772
ENSG00000138036,0.00055708
ENSG00000234745,0.000557068
ENSG00000186230,0.000556477
ENSG00000188092,0.000555315
ENSG00000168807,0.000553242
ENSG00000133422,0.00055261
ENSG00000171150,0.000550869
ENSG00000233136,0.000549648
ENSG00000180479,0.000548436
ENSG00000040531,0.000548263
ENSG00000265817,0.00054582
ENSG00000120708,0.000543766
ENSG00000116171,0.000540837
ENSG00000185231,0.000538505
ENSG00000112486,0.000538428
ENSG00000004809,0.000537407
ENSG00000176390,0.000537286
ENSG00000176022,0.000536784
ENSG00000165714,0.000536508
ENSG00000102287,0.000536068
ENSG00000138131,0.000535613
ENSG00000154262,0.000532206
ENSG00000163531,0.00052956
ENSG00000071794,0.000528894
ENSG00000121904,0.000528883
ENSG00000115474,0.000527905
ENSG00000116668,0.00052737
ENSG00000173276,0.000526123
ENSG00000153404,0.000526085
ENSG00000128849,0.0005247
ENSG00000100292,0.00052337
ENSG00000125170,0.000522824
ENSG00000162105,0.000522819
ENSG00000204947,0.000522347
ENSG00000206384,0.000519804
ENSG00000164463,0.000517883
ENSG00000180245,0.000517464
ENSG00000155026,0.000517068
ENSG00000141556,0.00051617
ENSG00000088179,0.000516098
ENSG00000142459,0.000514923
ENSG00000167552,0.000514914
ENSG00000180304,0.000514593
ENSG00000167768,0.000513641
ENSG00000167191,0.000511766
ENSG00000010818,0.000511644
ENSG00000137275,0.000511555
ENSG00000104689,0.000511023
ENSG00000128829,0.000511022
ENSG00000006283,0.000507184
ENSG00000104763,0.000506897
ENSG00000242498,0.000506686
ENSG00000262911,0.000504432
ENSG00000139304,0.000504192
ENSG00000184357,0.000503397
ENSG00000113361,0.00050219
ENSG00000154258,0.00050121
ENSG00000178695,0.000500558
ENSG00000091656,0.000498221
ENSG00000140839,0.000498047
ENSG00000160325,0.000496527
ENSG00000236155,0.000496153
ENSG00000186187,0.000496001
ENSG00000132406,0.000494582
ENSG00000132207,0.000493258
ENSG00000187189,0.000492845
ENSG00000230930,0.000491001
ENSG00000158828,0.000490038
ENSG00000137491,0.000489339
ENSG00000137496,0.000488543
ENSG00000040633,0.000487468
ENSG00000136156,0.00048693
ENSG00000163812,0.000486897
ENSG00000174697,0.00048649
ENSG00000073849,0.000486211
ENSG00000085563,0.000485696
ENSG00000103196,0.000485383
ENSG00000164904,0.000485345
ENSG00000175489,0.000484826
ENSG00000169435,0.000483059
ENSG00000133639,0.000482279
ENSG00000224859,0.000480966
ENSG00000132622,0.000480469
ENSG00000198879,0.000479565
ENSG00000078668,0.000476648
ENSG00000144283,0.000476321
ENSG00000188730,0.000474546
ENSG00000179456,0.000473254
ENSG00000146070,0.000470815
ENSG00000197063,0.000470266
ENSG00000204248,0.000470179
ENSG00000175003,0.000470029
ENSG00000263160,0.00046911
ENSG00000125266,0.000468207
ENSG00000197363,0.000467599
ENSG00000140740,0.000467275
ENSG00000105865,0.000465057
ENSG00000111540,0.000463649
ENSG00000107611,0.00046347
ENSG00000174586,0.000462699
ENSG00000101966,0.000462592
ENSG00000101347,0.000461214
ENSG00000010318,0.000460323
ENSG00000269313,0.000459492
ENSG00000187650,0.000458517
ENSG00000187105,0.000457176
ENSG00000177675,0.000457127
ENSG00000143772,0.000456675
ENSG00000086730,0.00045471
ENSG00000158445,0.000454378
ENSG00000056736,0.000454022
ENSG00000134825,0.000453122
ENSG00000053501,0.000452608
ENSG00000177125,0.000452036
ENSG00000151650,0.000452019
ENSG00000173991,0.00044964
ENSG00000084710,0.000447047
ENSG00000178645,0.000445323
ENSG00000123607,0.000444942
ENSG00000164808,0.000444057
ENSG00000167889,0.000443866
ENSG00000115365,0.00044256
ENSG00000135636,0.000441936
ENSG00000128512,0.000440247
ENSG00000140945,0.000440184
ENSG00000125821,0.000438603
ENSG00000142188,0.000436662
ENSG00000023902,0.000436443
ENSG00000154016,0.000435442
ENSG00000144331,0.000433827
ENSG00000105204,0.000432456
ENSG00000260230,0.000430113
ENSG00000198673,0.000427767
ENSG00000178401,0.000427047
ENSG00000172461,0.000426282
ENSG00000244607,0.000424858
ENSG00000138709,0.00042432
ENSG00000179144,0.00042388
ENSG00000177830,0.000422699
ENSG00000118322,0.000421633
ENSG00000171476,0.000418851
ENSG00000131686,0.000418617
ENSG00000187017,0.000418546
ENSG00000185800,0.00041662
ENSG00000188958,0.000415011
ENSG00000106278,0.000414015
ENSG00000160584,0.000413233
ENSG00000163349,0.00041269
ENSG00000163491,0.000412672
ENSG00000128039,0.000411969
ENSG00000204764,0.000411948
ENSG00000184277,0.000411937
ENSG00000263961,0.000411545
ENSG00000215788,0.000410327
ENSG00000168591,0.000408654
ENSG00000180347,0.00040738
ENSG00000130958,0.000407002
ENSG00000241394,0.000406946
ENSG00000129204,0.000405797
ENSG00000007174,0.000402859
ENSG00000215915,0.000402313
ENSG00000100012,0.000402046
ENSG00000115556,0.000401323
ENSG00000183160,0.000401266
ENSG00000089012,0.000400917
ENSG00000244242,0.000399563
ENSG00000223532,0.00039944
ENSG00000147408,0.000396191
ENSG00000168542,0.000395881
ENSG00000146122,0.000392126
ENSG00000164976,0.000391932
ENSG00000152582,0.000391511
ENSG00000187824,0.000391472
ENSG00000242386,0.000391346
ENSG00000122012,0.000390593
ENSG00000136828,0.000389681
ENSG00000169126,0.000388281
ENSG00000233841,0.000388246
ENSG00000160326,0.000387305
ENSG00000147044,0.000383029
ENSG00000233622,0.000382408
ENSG00000139597,0.000381765
ENSG00000170430,0.000381061
ENSG00000105419,0.000380549
ENSG00000129925,0.000377516
ENSG00000171346,0.000377455
ENSG00000088827,0.000376092
ENSG00000168970,0.000375707
ENSG00000115648,0.000375628
ENSG00000100678,0.000372076
ENSG00000213626,0.00037207
ENSG00000169583,0.000370753
ENSG00000162399,0.000369103
ENSG00000112679,0.000366353
ENSG00000172819,0.000365985
ENSG00000177692,0.000365513
ENSG00000154025,0.00036516
ENSG00000087152,0.000363218
ENSG00000005339,0.000363116
ENSG00000115216,0.000361064
ENSG00000112053,0.000360192
ENSG00000130227,0.000357232
ENSG00000143919,0.00035634
ENSG00000138162,0.000356293
ENSG00000183891,0.000355311
ENSG00000226264,0.000354931
ENSG00000026950,0.000354534
ENSG00000142208,0.00035377
ENSG00000153446,0.000351791
ENSG00000125046,0.000350412
ENSG00000196329,0.000349752
ENSG00000198959,0.000347054
ENSG00000235443,0.000346536
ENSG00000133561,0.000346519
ENSG00000273274,0.000346259
ENSG00000182168,0.000344338
ENSG00000215018,0.000343372
ENSG00000138675,0.000343216
ENSG00000162852,0.000343106
ENSG00000047662,0.000342318
ENSG00000198483,0.000340997
ENSG00000174844,0.000336352
ENSG00000140287,0.000336131
ENSG00000197056,0.000335204
ENSG00000143552,0.000335181
ENSG00000181045,0.000334852
ENSG00000156475,0.000334778
ENSG00000214491,0.000332742
ENSG00000128536,0.00033041
ENSG00000162415,0.00032915
ENSG00000139144,0.000328079
ENSG00000162526,0.0003274
ENSG00000228299,0.00032635
ENSG00000145832,0.00032628
ENSG00000151917,0.000325537
ENSG00000221926,0.000324715
ENSG00000203710,0.000324651
ENSG00000042317,0.000324591
ENSG00000071242,0.000322046
ENSG00000172421,0.000319939
ENSG00000243449,0.000319001
ENSG00000181523,0.000318061
ENSG00000188039,0.000316614
ENSG00000170927,0.00031623
ENSG00000197632,0.000315218
ENSG00000187866,0.00031464
ENSG00000053702,0.000313877
ENSG00000157578,0.000311344
ENSG00000119283,0.000308711
ENSG00000163359,0.000305505
ENSG00000225190,0.00030507
ENSG00000133958,0.000303375
ENSG00000082805,0.000302936
ENSG00000121446,0.000301618
ENSG00000151694,0.000300499
ENSG00000230453,0.000300451
ENSG00000132510,0.000298538
ENSG00000169122,0.000298267
ENSG00000165323,0.000297918
ENSG00000105738,0.000295818
ENSG00000169347,0.000294649
ENSG00000204257,0.000294138
ENSG00000141519,0.000293869
ENSG00000186960,0.000293674
ENSG00000227825,0.000292304
ENSG00000170788,0.000291928
ENSG00000137460,0.000289921
ENSG00000233436,0.000288681
ENSG00000113240,0.000287923
ENSG00000187726,0.000286601
ENSG00000164287,0.000282038
ENSG00000227587,0.000280022
ENSG00000139211,0.000277913
ENSG00000145107,0.000276475
ENSG00000112902,0.000275882
ENSG00000136628,0.000273305
ENSG00000124786,0.000272726
ENSG00000003989,0.000272322
ENSG00000173068,0.000270858
ENSG00000112936,0.000270338
ENSG00000171596,0.000268741
ENSG00000236699,0.000267331
ENSG00000176659,0.000267312
ENSG00000000457,0.000266698
ENSG00000161649,0.000264712
ENSG00000105392,0.000263328
ENSG00000163655,0.000262139
ENSG00000172689,0.000261274
ENSG00000140265,0.000260416
ENSG00000198223,0.000258866
ENSG00000258947,0.000256513
ENSG00000166473,0.000255352
ENSG00000168955,0.000254728
ENSG00000253710,0.000254401
ENSG00000141527,0.000252972
ENSG00000186818,0.00025189
ENSG00000156564,0.00025187
ENSG00000130561,0.000251623
ENSG00000158296,0.000250736
ENSG00000104228,0.00025039
ENSG00000158966,0.000241575
ENSG00000136161,0.000241453
ENSG00000173114,0.000239615
ENSG00000239697,0.000236345
ENSG00000204525,0.000234354
ENSG00000054267,0.000229003
ENSG00000152332,0.000223469
ENSG00000243708,0.000222696
ENSG00000206502,0.000220591
ENSG00000213190,0.00022
ENSG00000162989,0.000219222
ENSG00000174564,0.000213328
ENSG00000169876,0.000212656
ENSG00000162390,0.000209234
ENSG00000139767,0.000206463
ENSG00000189233,0.000206414
ENSG00000108799,0.000204612
ENSG00000204444,0.000204574
ENSG00000111218,0.000199084
ENSG00000177706,0.000198479
ENSG00000236949,0.000198295
ENSG00000106560,0.000196039
ENSG00000107147,0.0001945
ENSG00000163710,0.000192414
ENSG00000173473,0.000190471
ENSG00000198742,0.000188839
ENSG00000131015,0.000187609
ENSG00000263417,0.000183
ENSG00000253797,0.000177562
ENSG00000171295,0.000172221
ENSG00000108691,0.000169751
ENSG00000106236,0.000167484
ENSG00000153498,0.000165754
ENSG00000122254,0.000165732
ENSG00000187010,0.000140296
ENSG00000178038,0.000112786
ENSG00000178764,0.000110421
ENSG00000074964,0.00010576
